{"global_step": 750, "_timestamp": 1698840609.8720324, "test_return_mean": 18.89554786682129, "test_return_std": 3.434208869934082, "test_battle_won_mean": 0.90625, "test_dead_enemies_mean": 2.90625, "test_dead_allies_mean": 1.40625, "test_ep_length_mean": 21.90625, "loss": 2.14314341545105, "grad_norm": 2.8184056282043457, "td_loss": 2.14314341545105, "cql_loss": 1.6038508415222168, "td_error_abs": 0.4551594853401184, "q_taken_mean": 2.5732383728027344, "target_mean": 2.5731747150421143, "_runtime": 78.02176833152771, "_step": 3, "episode": 750.0, "_wandb": {"runtime": 88}}