{"global_step": 2250, "_timestamp": 1698840450.7487605, "test_return_mean": 20.0, "test_return_std": 0.0, "test_battle_won_mean": 1.0, "test_dead_allies_mean": 0.90625, "test_dead_enemies_mean": 3.0, "test_ep_length_mean": 19.9375, "loss": 1.0508196353912354, "grad_norm": 2.0597457885742188, "td_loss": 1.0508196353912354, "cql_loss": 0.9854565262794495, "td_error_abs": 0.17987434566020966, "q_taken_mean": 5.114346981048584, "target_mean": 5.111513614654541, "_runtime": 180.66977953910828, "_step": 9, "episode": 2250.0, "_wandb": {"runtime": 181}}